Segall,Lasqa,Praden,RoadHouse,Krabick,F1ashko,BrowJey,Timofey,guit88man,keliQ_Q,Hyomushka,UselessMouth
Disco Elysium,Hotline Miami,Mortuary Assistant,Half-Life: Alyx (NoVR mod),Silent Hill 2,Cyberpunk 2077,Mirror's Edge (2008),Dishonored 2,The Stanley Parable: Ultra Deluxe,IGI 2 Секретный удар,Heavenly Bodies,The Elder Scrolls V: Skyrim
Enclave,KOTOR 1,Escape the Backrooms,Danganronpa: Trigger Happy Havoc,Warcraft 3: Reign Of Chaos,Limbo,Metal Gear Solid 2,Batman: Arkham Origins,Slime Rancher,The Invicible,Factorio,Metal Gear Rising: Revengeance
Postal 2,Kerbal Space Program,Persona 5 Royal,Elden Ring,Enter the Gungeon,Hatoful Boyfriend,Binding of Isaac Rebirth,Batman: Arkham City,Valfaris,Hell Yeah! Wrath of the Dead Rabbit,The Legend of Bum-Bo,Nancy Drew: Shadow at the Water's Edge
Shark Tale,Need for Speed: Most Wanted,Minecraft,ヒトカラ,The Closing Shift,Prey Mooncrash,Risk of Rain 2,Neighbors in Hell Compilation,Inscryption,Only UP!,The Binding of Isaac: Rebirth,Darkwood
Endoparasitic,The Last of Us: Part I,StarCraft II: Wings of Liberty,SUPERHOT,Quake 3,Resident Evil 4 Remake Ada DLC,Dark Souls Remastered,Arma 2 operation arrowhead,Indiana Jones and the Emperor’s Tomb,[Chilla's Art] The Kidnap | 誘拐事件,Starfield,Tale of Wuxia: The Pre-Sequel
Syberia,Five Nights at Freddy's 3,Catherine Classic,パラソーシャル,,TMNT Shredder's Revenge,,,Fran Bow,,Lords of the Fallen ,Escape Memoirs: Mini Stories
Five Nights at Freddy's 3,Resident Evil 4 REMAKE,Syberia,Warcraft III: Reign of Chaos,Inside 2016,,Command and Conquer Red Alert 3,Battlefield 3,Alice: Madness Reterrns,Metal Gear Solid V: Ground Zeroes,VVVVVV,Yakuza 0
,Nier Replicant ver.1.2~,Jazzpunk,Archangel,Disciples II,Factorio,Another World,Scorn,Gedonia,Unreal return to na pali,The Messenger,Hostile Waters: Antaeus Rising
Syberia II,Dreamfall: The Longest Journey,Need for Speed Undercover,夜間警備,No one lives under the lighthouse Director's cut,Prey 2017,Titanfall 2,stay out of the house,Return to Castle Wolfenstein,S.T.A.L.K.E.R Shadow of Chernobyl,Wife Quest,Happy Wheels
"Papers, Please",Zero Escape: Zero Time Dilemma,Beholder,Little Witch Nobeta,The Hades,MOTHER,Unreal Tournament 2004,(Дроп) GODS: Lands of Infinity ,BattleBlock Theater,Precoursors,Grow Home,Into the Breach
Subnautica,Wedding Witch,Intrusion 2,侠客风云传前传,Inunaki Tunnel,Psyhonauts 2,Tekken 7,Year Walk,Hogs Of War,Visage,DLC Quest,DOOM
A Plague Tale: Innocence,ANNO Mutationem,macdows 95,HoloCure - Save the Fans!,Armies of Exigo,Persona 5,Warcraft 3,My Friend Pedro,The Binding of Isaac: Repentance,Hitman: Blood Money,What Remains of Edith Finch,Factorio
Need for Speed Underground 2,Ratchet & Clank: Rift Apart,Diablo II: Resurrected,Helltaker ,Divinity original sin 2,Soultice,Neon White,Bum Simulator,Castelvania Anniversary Collection (Castlevania),12 minutes,Dark Souls III,S.T.A.L.K.E.R.: Shadow of Chernobyl
mega man x8,The Bookwalker: Thief of Tales,StarCraft II: Heart of the Swarm,Enter the Gungeon,"Warhammer 40,000: Space Marine",Warcraft 3,Arx Fatalis,(Дроп) Tale of Wuxia:The Pre-Sequel,Sonuc Origins,The friends of Ringo Ishikawa,,Spore
Undertale,Post Void,GRIS,Prey (2017),Portal,GTA VC Definitive Edition,Final Fantasy 6,Sin Episodes: Emergence,Elex,Serious sam second encounter,Last Command,Teenage Mutant Ninja Turtles: Out of the Shadows
Tell Some Story: Foz,Touhou Luna Nights,Shank,Trepang2,The Karaoke,Split/Second,Everhood,(Дроп) Syrian Warfare,I`m wаnna be the Boshy,NFS: The Run,Mortal Kombat 11,Roboquest
The Movies,Ancestors Legacy,Late Shift,The Darkness II,,Doom Eternal,Two Worlds,MGS V: Ground Zeroes,Monster Boy And The Cursed Kingdom,Serious sam Classic ,Volgarr the Viking,Black & White 2
Need for Speed: Most Wanted,Old Man's Journey,Outer Wilds,閉店事件,Pillars of Eternity,,Златогорье 2: Холодные небеса,(Дроп) Dropsy,Amnesia: A Machine for Pigs,Total Overdose,Valfaris,BOMJMAN
Hitman: Blood Money,Airline Tycoon Deluxe,Chrono Trigger,Wings of Vi,TELL SOME STORY: FOZ,midnight club 2,Cuphead,Fallout New Vegas,Little Misfortune,Little Misfortune,Viscera Cleanup Detail: Shadow Warrior,Plants vs. Zombies
No Man's Sky,GUN,NieR:Automata,Pyre,FIVE NIGHTS AT FREDDY,Enter the gungeon,Disco Elysium,MyFriend Peppa Pig,Sally Face,Warcraft III: Reign of Chaos,Hades,1001 Spikes
Detroit: Become Human,Chilla's Art Parasocial,FINAL FANTASY VII,We Love Katamari,Fear and Hunger,Alien Shooter,Yuppie Psycho,Half Life 2,Potion Craft,,Little Witch Nobeta,The Darkness II
Sun Haven,Gone Home ,Onimusha Warlord,Castle Crashers®,Crimsonland,Tony Hawk Underground 2,Jade Empire,Starfield,Spelunky 2,Postal 2,CULTIC,ELEX
Sixtieth Kilometer,Devil May Cry 3,Jusant,DARK SOULS™: REMASTERED,Noita,Black Mesa,Before Your Eyes,Far Cry 6,Terraria,Fallout New Vegas,,Bulletstorm
Bloodshore,The Mortuary Assistant,Dear Esther,Watch_Dogs™,Pyre,Ridge Racer Unbounded,Star Wars: Jedi Knight II - Jedi Outcast,,,Crimsonland,Middle-Earth: Shadow of Mordor,Nancy Drew: Curse of Blackmoor Manor
Need for Speed: The Run,,Toy Soldiers: HD,Summer of '58,OutLast,Tekken 7,Five Dates,Deus Ex ,,Нэнси Дрю. Записки черной кошки,Mercenary Kings,Grand Theft Auto III
S.T.A.L.K.E.R.: Call of Pripyat,Pirates of the Caribbean (Корсары 2),Avatar: Frontiers of Pandora,Mass Effect 3,The Case of the Golden Idol,Clustertruck,Turbo Overkill,System Shock 2,,Counter-Strike: Condition Zero,The Dishwasher: Vampire Smile,Deponia
Quake 4,Chilla's Art Kidnap,,Into the Breach,"Warhammer 40,000: Soulstorm",Stalker Тень Чернобыля,PC buliding simulator,(ТехРеролл) Red Alert 2: Yuri's Revenge,,Yakuza Kiwami,Surgeon Simulator,Transistor
Castlevania Anniversary Collection,A Bird Story,Marvel’s Spider-Man: Miles Morales,Hades,Gloomhaven,Рога и Копыта,MGS V: Ground Zeroes,Batman: Arkham Knight,,Advent rising,Roller Coaster Tycoon 3,Leisure Suit Larry - Wet Dreams Dry Twice
Idol Manager,Tell Some Story: FOZ,Christmas Massacre,Clustertruck,Finding Paradise,Alien vs Predator 2,Quake III Arena,Deus Ex: Human Revolution,,Ready or Not,Crimson Snow,Pilot Brothers
Amnesia: The Bunker,Enter The Gungeon,A Short Hike,Anno 1800,Short Hike,Granblue Fantasy Versus: Rising,Hades,Deus Ex: Mankind Divided,,INSIDE,CARRION,Titanfall 2
PUSS!,Baldur's Gate 3,Domina,"El Paso, Elsewhere",Max Payne,Portal 2,Just Shapes & Beats,Hedon Bloodrite,,ELEX II,Fallout: New Vegas,Scooby-Doo! Case File #2: The Scary Stone Dragon
Sonic Adventure DX,Holocure: Save The Fans,Cuphead,Monty on the Run,Starfield,Need For Speed III: Hot Pursuit,Diablo III,Blood ,,Project I.G.I.: I'm Going In,The Last Faith,Minecraft
Sonic Heroes,Super Meat Boy,Manual Samuel,Black Book,VA-11 Hall-A: Cyberpunk Bartender Action,Warstride Challenges,Black Mesa,Half Life 2 ep.1,,Impossible creatures,The Final Station,Pilot Brothers 2
Painkiller: Overdose ,The Stanley Parable,Braid,The Stanley Parable,Max Payne 2,Lada racing club,Victor Vran,cabela's big game hunter pro,,Unreal gold,Blood West,REAVER
Black Mirror II,I Wanna Be The Boshy,Into the Breach,SiN Episodes: Emergence,Dawn of War II: Retribution,Кузька. Путешественник во времени,,Prince of Persia: The Two Thrones,,Amnesia: The Dark Descent,Do Not Feed the Monkeys,Armored Core VI: Fires of Rubicon
Need for Speed: Carbon,Кузя Жукодром,Golf Club Nostalgia,The Backrooms 1998,SUPERHOT,The witness,,Prince of Persia: Warrior Within,,To the Moon,Shotgun King: The Final Checkmate,Syndicate
,,Murder House,Dead Cells,MGS V: GROUND ZERO,Blasphemous,,техреролл Pajama Sam 4: Life Is Rough When You Lose Your Stuff!,,,Knock-Knock,Assassin's Creed
Need for Speed: Underground,,Dead Cells,Dragon Age II,The Mooseman,Elden ring,,SWAT 4,,Call of Juarez,Aragami,X-Men Origins: Wolverine
The Stanley Parable,,The Da Vinci Cryptex 2,Death's Door,Max Payne 3,,,Tom Clancy's Rainbow Six Vegas,,Superliminal,Lunacid,Taz: Wanted
,,Sekiro™: Shadows Die Twice,Seven Nights Ghost,Dear Ester,,,The Stanley Parable,,Minecraft,A Castle Full of Cats,The Binding of Isaac: Rebirth
,,Jump King,Paragraph 78,Grand Theft Auto 3,,,GOHOME,,ABZU,The Life and Suffering of Sir Brante,SENRAN KAGURA Bon Appétit! - Full Course
,,Heavy Rain,Madagascar,HoMM 3,,,Signalis,,Portal 2,Rogue Legacy,Trash Horror Collection (Poop Killer)
,,Katana ZERO,Observation,,,,,,Chilla's art :The Convenience Store,Minecraft,Alien Shooter
,,BioShock™ Remastered,GRIS,BIOSHOCK REMASTERED,,,,,Chilla's art : Parasocial,Cultist simulator,qomp
,,DARK SOULS™ III,The Artful Escape,BIOSHOCK 2 REMASTERED,,,,,Chilla's art : Ghost Train,Eldritch,The Witness
,,DARK SOULS™: REMASTERED,Serious Sam 2,Who Wants To Be A Millionaire (2020),,,,,Fallout 4,Aeterna Noctis,Overlord
,,DARK SOULS™ II,AntiKiller,BIOSHOCK 3 INFINITE,,,,,Die Hard: Nakatomi Plaza,,SWAT 4
,,,Unreal Gold,Devil May Cry 3,,,,,Zeno clash 2,,Spookermarket
,,Elden Ring,Trash Horror Collection 3,,,,,,SPRAWL,,Helltaker
,,GUN™,Worms Armageddon,Lionheart,,,,,Gal*Gun: Double Peace,,Initial D: First Stage
,,StarCraft II: Legacy of the Void,Drug Dealer Simulator,Stanley's Parable,,,,,Rag Doll Kung Fu,,Distance
,,The Stanley Parable,Serious Sam HD: The First Encounter,Tunic,,,,,Contraband Police,,溶鉄のマルフーシャ (Marfusha)
,,Traumada,Serious Sam HD: The Second Encounter,Розовая Пантера: Право на Риск,,,,,Call of Duty,,
,,,Nox,Diablo 2: Ressurected,,,,,Touhou Luna Nights,,
,,,The Binding of Isaac: Rebirth ,"Любовь, деньги и рок-н-ролл",,,,,Call of Juarez: Bound In Blood,,
,,,Samorost 2,,,,,,Scrapland Remastered,,
,,,Knock-knock,,,,,,Serious sam 4,,
,,,SENRAN KAGURA Bon Appétit!,,,,,,Serious Sam: Siberian Mayhem,,
,,,Trash Horror Collection 1,,,,,,Peepo Island,,
,,,Constantine,,,,,,Katana Zero,,
,,,Trash Horror Collection 2,,,,,,Helltaker,,
,,,Instinct,,,,,,Metal:Hellsinger,,
,,,Unreal Tournament 1999,,,,,,Cat lady,,
,,,Вечера на хуторе близ Диканьки 2,,,,,,My Friend Peppa Pig,,
,,,Crayon Physics Deluxe,,,,,,Little Inferno,,
,,,Jisatsu,,,,,,Half-life 2,,
,,,Lego Harry Potter: Years 1–4,,,,,,Everhood,,
,,,60 Parsecs!,,,,,,,,
,,,Just Shapes & Beats,,,,,,,,
,,,KickBeat,,,,,,,,
,,,60 Seconds!,,,,,,,,
,,,ANONYMOUS HUNTING SIMULATOR,,,,,,,,
,,,Dynasty Warriors 6,,,,,,,,
,,,The Binding of Isaac,,,,,,,,
,,,Wedding Witch,,,,,,,,
,,,Journey,,,,,,,,
,,,Late Shift,,,,,,,,
,,,犬鳴トンネル,,,,,,,,
,,,Library Of Ruina,,,,,,,,
,,,SENRAN KAGURA Peach Ball,,,,,,,,
,,,Baldur's Gate 3,,,,,,,,
,,,Traumada,,,,,,,,
,,,Darkest Dungeon,,,,,,,,
,,,FAITH: The Unholy Trinity,,,,,,,,
